,category,over_represented_pvalue,under_represented_pvalue,numDEInCat,numInCat,term,ontology,Direction
4990,GO:0043065,6.04E-07,0.999999905,14,276,positive regulation of apoptotic process,BP,Up
1443,GO:0006954,9.22E-07,0.999999889,11,171,inflammatory response,BP,Up
10963,GO:2000987,3.01E-05,0.999999714,3,7,positive regulation of behavioral fear response,BP,Up
1591,GO:0007218,6.14E-05,0.999996301,5,45,neuropeptide signaling pathway,BP,Up
3311,GO:0030916,7.12E-05,1,2,2,otic vesicle formation,BP,Up
11021,GO:2001213,0.000120328,1,2,2,negative regulation of vasculogenesis,BP,Up
3179,GO:0030216,0.000150546,0.999993154,4,27,keratinocyte differentiation,BP,Up
6632,GO:0051897,0.000162128,0.999983357,6,80,positive regulation of protein kinase B signaling,BP,Up
6496,GO:0051461,0.000235045,0.999999309,2,3,positive regulation of corticotropin secretion,BP,Up
10716,GO:2000312,0.000349528,0.999998744,2,3,regulation of kainate selective glutamate receptor activity,BP,Up
161,GO:0001503,0.000385815,0.999964733,5,62,ossification,BP,Up
2327,GO:0014032,0.000491509,0.999984437,3,16,neural crest cell development,BP,Up
10599,GO:2000020,0.000495862,0.999996997,2,4,positive regulation of male gonad development,BP,Up
1766,GO:0008284,0.000580447,0.999854228,11,340,positive regulation of cell population proliferation,BP,Up
3286,GO:0030850,0.000820515,0.999992557,2,5,prostate gland development,BP,Up
4975,GO:0043029,0.000821009,0.999968197,3,19,T cell homeostasis,BP,Up
9968,GO:1904141,0.000983751,0.999990215,2,5,positive regulation of microglial cell migration,BP,Up
2107,GO:0010628,0.000996429,0.999732365,11,358,positive regulation of gene expression,BP,Up
5369,GO:0045214,0.001173497,0.999947917,3,21,sarcomere organization,BP,Up
561,GO:0002523,0.001272696,0.999984305,2,6,leukocyte migration involved in inflammatory response,BP,Up
3857,GO:0032967,0.001282836,0.999940704,3,23,positive regulation of collagen biosynthetic process,BP,Up
2604,GO:0016477,0.001296422,0.999725717,8,202,cell migration,BP,Up
7792,GO:0071225,0.001505072,0.999979786,2,6,cellular response to muramyl dipeptide,BP,Up
10754,GO:2000379,0.001693045,0.999913084,3,25,positive regulation of reactive oxygen species metabolic process,BP,Up
1708,GO:0007611,0.001695718,0.999845637,4,50,learning or memory,BP,Up
1582,GO:0007204,0.001719332,0.99977768,5,85,positive regulation of cytosolic calcium ion concentration,BP,Up
1785,GO:0008360,0.001736792,0.999715457,6,123,regulation of cell shape,BP,Up
1775,GO:0008306,0.001868636,0.999900689,3,25,associative learning,BP,Up
7428,GO:0061844,0.002086633,0.999883306,3,29,antimicrobial humoral immune response mediated by antimicrobial peptide,BP,Up
611,GO:0002675,0.002094605,0.999963491,2,8,positive regulation of acute inflammatory response,BP,Up
8431,GO:0090280,0.002387725,0.999955504,2,8,positive regulation of calcium ion import,BP,Up
6827,GO:0060174,0.002513643,0.999951911,2,8,limb bud formation,BP,Up
4495,GO:0035988,0.002547804,0.999950919,2,8,chondrocyte proliferation,BP,Up
6149,GO:0048873,0.002591532,0.999844428,3,27,homeostasis of number of cells within a tissue,BP,Up
5296,GO:0044849,0.002722306,0.99994575,2,8,estrous cycle,BP,Up
4225,GO:0035022,0.002781626,0.999946036,2,7,positive regulation of Rac protein signal transduction,BP,Up
6731,GO:0060009,0.002841507,0.999942119,2,8,Sertoli cell development,BP,Up
8335,GO:0090091,0.002932268,0.999939301,2,8,positive regulation of extracellular matrix disassembly,BP,Up
9172,GO:1900747,0.002970483,0.999938101,2,8,negative regulation of vascular endothelial growth factor signaling pathway,BP,Up
6201,GO:0050769,0.003231792,0.999788514,3,30,positive regulation of neurogenesis,BP,Up
3222,GO:0030335,0.003343854,0.999267344,7,190,positive regulation of cell migration,BP,Up
5943,GO:0048247,0.003350339,0.999921973,2,10,lymphocyte chemotaxis,BP,Up
7227,GO:0061036,0.003500247,0.999918408,2,9,positive regulation of cartilage development,BP,Up
5248,GO:0044342,0.003536502,0.999915322,2,10,type B pancreatic cell proliferation,BP,Up
1351,GO:0006790,0.003663616,0.999912578,2,9,sulfur compound metabolic process,BP,Up
8630,GO:0097421,0.004120912,0.999893268,2,10,liver regeneration,BP,Up
7476,GO:0070059,0.004184098,0.999697878,3,33,intrinsic apoptotic signaling pathway in response to endoplasmic reticulum stress,BP,Up
7819,GO:0071300,0.004303758,0.999686718,3,32,cellular response to retinoic acid,BP,Up
6163,GO:0050482,0.004598499,0.999871819,2,11,arachidonic acid secretion,BP,Up
6272,GO:0050901,0.004832708,0.999864139,2,10,leukocyte tethering or rolling,BP,Up
7076,GO:0060674,0.00506855,0.999851456,2,11,placenta blood vessel development,BP,Up
2987,GO:0021795,0.005351567,0.99984143,2,10,cerebral cortex cell migration,BP,Up
10736,GO:2000347,0.005401704,0.999836409,2,11,positive regulation of hepatocyte proliferation,BP,Up
1477,GO:0007015,0.005470044,0.99906773,5,109,actin filament organization,BP,Up
2688,GO:0018149,0.005862989,0.999812186,2,12,peptide cross-linking,BP,Up
1548,GO:0007163,0.005947073,0.999510267,3,36,establishment or maintenance of cell polarity,BP,Up
132,GO:0000902,0.005972544,0.999217877,4,68,cell morphogenesis,BP,Up
7220,GO:0061029,0.006163133,0.999797412,2,12,eyelid development in camera-type eye,BP,Up
1422,GO:0006915,0.006223022,0.997872307,11,464,apoptotic process,BP,Up
902,GO:0006044,0.006320509,0.999787085,2,13,N-acetylglucosamine metabolic process,BP,Up
3608,GO:0032367,0.006444429,0.999783221,2,12,intracellular cholesterol transport,BP,Up
3733,GO:0032691,0.006463282,0.999779747,2,13,negative regulation of interleukin-1 beta production,BP,Up
1710,GO:0007613,0.007395206,0.998968269,4,73,memory,BP,Up
2268,GO:0010917,0.007543497,0.999718819,2,14,negative regulation of mitochondrial membrane potential,BP,Up
4257,GO:0035176,0.007873068,0.999280218,3,38,social behavior,BP,Up
6782,GO:0060074,0.007890281,0.999701844,2,13,synapse maturation,BP,Up
1810,GO:0008628,0.007905422,1,1,1,hormone-mediated apoptotic signaling pathway,BP,Up
6990,GO:0060456,0.007905422,1,1,1,positive regulation of digestive system process,BP,Up
5367,GO:0045210,0.007968612,1,1,1,FasL biosynthetic process,BP,Up
5614,GO:0046006,0.008216436,1,1,1,regulation of activated T cell proliferation,BP,Up
7537,GO:0070235,0.008216436,1,1,1,regulation of activation-induced cell death of T cells,BP,Up
10787,GO:2000452,0.008216436,1,1,1,"regulation of CD8-positive, alpha-beta cytotoxic T cell extravasation",BP,Up
6738,GO:0060018,0.008451038,1,1,1,astrocyte fate commitment,BP,Up
7018,GO:0060517,0.008451038,1,1,1,epithelial cell proliferation involved in prostatic bud elongation,BP,Up
7142,GO:0060784,0.008451038,1,1,1,regulation of cell proliferation involved in tissue homeostasis,BP,Up
7235,GO:0061046,0.008451038,1,1,1,regulation of branching involved in lung morphogenesis,BP,Up
8114,GO:0072190,0.008451038,1,1,1,ureter urothelium development,BP,Up
10923,GO:2000794,0.008451038,1,1,1,regulation of epithelial cell proliferation involved in lung morphogenesis,BP,Up
593,GO:0002617,0.008475259,1,1,1,negative regulation of macrophage antigen processing and presentation,BP,Up
5079,GO:0043381,0.008475259,1,1,1,negative regulation of memory T cell differentiation,BP,Up
6696,GO:0055026,0.008488413,1,1,1,negative regulation of cardiac muscle tissue development,BP,Up
674,GO:0002864,0.008542625,1,1,1,regulation of acute inflammatory response to antigenic stimulus,BP,Up
9232,GO:1901291,0.00863634,1,1,1,negative regulation of double-strand break repair via single-strand annealing,BP,Up
10946,GO:2000844,0.00869104,1,1,1,negative regulation of testosterone secretion,BP,Up
10801,GO:2000503,0.008699483,1,1,1,positive regulation of natural killer cell chemotaxis,BP,Up
10989,GO:2001111,0.008733147,1,1,1,positive regulation of lens epithelial cell proliferation,BP,Up
5335,GO:0045103,0.00877702,1,1,1,intermediate filament-based process,BP,Up
9094,GO:1900147,0.00877702,1,1,1,regulation of Schwann cell migration,BP,Up
6851,GO:0060252,0.008810938,0.999643996,2,14,positive regulation of glial cell proliferation,BP,Up
10713,GO:2000309,0.009052094,1,1,1,positive regulation of tumor necrosis factor (ligand) superfamily member 11 production,BP,Up
10765,GO:2000399,0.009052094,1,1,1,negative regulation of thymocyte aggregation,BP,Up
10773,GO:2000415,0.009052094,1,1,1,positive regulation of fibronectin-dependent thymocyte migration,BP,Up
10774,GO:2000418,0.009052094,1,1,1,positive regulation of eosinophil migration,BP,Up
1723,GO:0007631,0.009082763,0.999624091,2,15,feeding behavior,BP,Up
4812,GO:0042339,0.009153522,1,1,1,keratan sulfate metabolic process,BP,Up
5088,GO:0043406,0.009185214,0.999107231,3,42,positive regulation of MAP kinase activity,BP,Up
3719,GO:0032652,0.009270819,1,1,1,regulation of interleukin-1 production,BP,Up
7053,GO:0060611,0.009394004,1,1,1,mammary gland fat development,BP,Up
9418,GO:1902228,0.009394004,1,1,1,positive regulation of macrophage colony-stimulating factor signaling pathway,BP,Up
833,GO:0003345,0.009469453,1,1,1,proepicardium cell migration involved in pericardium morphogenesis,BP,Up
3459,GO:0031640,0.00951341,0.999591263,2,17,killing of cells of other organism,BP,Up
1809,GO:0008627,0.009599071,1,1,1,intrinsic apoptotic signaling pathway in response to osmotic stress,BP,Up
2003,GO:0010165,0.009718454,0.999583365,2,15,response to X-ray,BP,Up
8443,GO:0090303,0.009989047,0.999565592,2,15,positive regulation of wound healing,BP,Up
128,GO:0000768,0.010222459,1,1,1,syncytium formation by plasma membrane fusion,BP,Up
8977,GO:0140253,0.010222459,1,1,1,cell-cell fusion,BP,Up
1376,GO:0006837,0.01033877,1,1,1,serotonin transport,BP,Up
3041,GO:0021941,0.01033877,1,1,1,negative regulation of cerebellar granule cell precursor proliferation,BP,Up
8321,GO:0090067,0.01033877,1,1,1,regulation of thalamus size,BP,Up
29,GO:0000117,0.01037344,1,1,1,regulation of transcription involved in G2/M transition of mitotic cell cycle,BP,Up
8004,GO:0071802,0.010658306,1,1,1,negative regulation of podosome assembly,BP,Up
5460,GO:0045662,0.01067637,0.999512885,2,17,negative regulation of myoblast differentiation,BP,Up
2181,GO:0010763,0.010778958,0.999512255,2,15,positive regulation of fibroblast migration,BP,Up
7789,GO:0071222,0.010792124,0.998311715,4,88,cellular response to lipopolysaccharide,BP,Up
8104,GO:0072166,0.010842555,1,1,1,posterior mesonephric tubule development,BP,Up
8134,GO:0072278,0.010842555,1,1,1,metanephric comma-shaped body morphogenesis,BP,Up
8136,GO:0072284,0.010842555,1,1,1,metanephric S-shaped body morphogenesis,BP,Up
8141,GO:0072302,0.010842555,1,1,1,negative regulation of metanephric glomerular mesangial cell proliferation,BP,Up
10673,GO:2000195,0.010842555,1,1,1,negative regulation of female gonad development,BP,Up
10986,GO:2001076,0.010842555,1,1,1,positive regulation of metanephric ureteric bud development,BP,Up
1546,GO:0007161,0.01085377,1,1,1,calcium-independent cell-matrix adhesion,BP,Up
3692,GO:0032594,0.01085377,1,1,1,protein transport within lipid bilayer,BP,Up
6651,GO:0051951,0.01085377,1,1,1,positive regulation of glutamate uptake involved in transmission of nerve impulse,BP,Up
9016,GO:0150103,0.01085377,1,1,1,reactive gliosis,BP,Up
9354,GO:1901979,0.01085377,1,1,1,regulation of inward rectifier potassium channel activity,BP,Up
2992,GO:0021801,0.010934007,1,1,1,cerebral cortex radial glia guided migration,BP,Up
8939,GO:0120078,0.010934007,1,1,1,cell adhesion involved in sprouting angiogenesis,BP,Up
9517,GO:1902624,0.010934007,1,1,1,positive regulation of neutrophil migration,BP,Up
10363,GO:1905580,0.010934007,1,1,1,positive regulation of ERBB3 signaling pathway,BP,Up
10456,GO:1905943,0.010934007,1,1,1,negative regulation of formation of growth cone in injured axon,BP,Up
5683,GO:0046296,0.011016772,1,1,1,glycolate catabolic process,BP,Up
1841,GO:0009114,0.011093469,1,1,1,hypoxanthine catabolic process,BP,Up
1842,GO:0009115,0.011093469,1,1,1,xanthine catabolic process,BP,Up
5184,GO:0043950,0.011341569,0.999465944,2,17,positive regulation of cAMP-mediated signaling,BP,Up
8896,GO:0106089,0.011388582,1,1,1,negative regulation of cell adhesion involved in sprouting angiogenesis,BP,Up
3108,GO:0023061,0.011415971,1,1,1,signal release,BP,Up
4177,GO:0034616,0.011415971,1,1,1,response to laminar fluid shear stress,BP,Up
8007,GO:0071806,0.011415971,1,1,1,protein transmembrane transport,BP,Up
10279,GO:1905208,0.011595949,1,1,1,negative regulation of cardiocyte differentiation,BP,Up
3216,GO:0030325,0.011598405,0.999450821,2,16,adrenal gland development,BP,Up
678,GO:0002881,0.011599404,1,1,1,negative regulation of chronic inflammatory response to non-antigenic stimulus,BP,Up
9010,GO:0150090,0.011599404,1,1,1,"multiple spine synapse organization, single dendrite",BP,Up
314,GO:0001894,0.011696656,0.999440277,2,17,tissue homeostasis,BP,Up
3297,GO:0030865,0.012152183,0.99940674,2,17,cortical cytoskeleton organization,BP,Up
5332,GO:0045087,0.012254293,0.996563021,7,256,innate immune response,BP,Up
3328,GO:0031018,0.01225896,0.999395508,2,18,endocrine pancreas development,BP,Up
1550,GO:0007166,0.01228445,0.998004249,4,88,cell surface receptor signaling pathway,BP,Up
230,GO:0001708,0.012824011,0.999352547,2,18,cell fate specification,BP,Up
5509,GO:0045776,0.013189101,0.999324245,2,18,negative regulation of blood pressure,BP,Up
9649,GO:1903077,0.013254434,0.999322816,2,17,negative regulation of protein localization to plasma membrane,BP,Up
5507,GO:0045766,0.014024052,0.997628641,4,92,positive regulation of angiogenesis,BP,Up
1657,GO:0007413,0.014728028,0.999200382,2,18,axonal fasciculation,BP,Up
1795,GO:0008584,0.015202117,0.998204886,3,52,male gonad development,BP,Up
11025,GO:2001224,0.015556766,0.999130705,2,18,positive regulation of neuron migration,BP,Up
1432,GO:0006935,0.01556465,0.998143335,3,54,chemotaxis,BP,Up
5463,GO:0045665,0.015663794,0.998129661,3,52,negative regulation of neuron differentiation,BP,Up
5513,GO:0045780,0.015849387,0.999101324,2,19,positive regulation of bone resorption,BP,Up
9170,GO:1900745,0.01594645,0.999089019,2,20,positive regulation of p38MAPK cascade,BP,Up
2349,GO:0014062,0.016148588,0.999934809,1,2,regulation of serotonin secretion,BP,Up
320,GO:0001914,0.016239679,0.999934069,1,2,regulation of T cell mediated cytotoxicity,BP,Up
2844,GO:0019731,0.016245804,0.999055898,2,22,antibacterial humoral response,BP,Up
767,GO:0003188,0.016292099,0.999933641,1,2,heart valve formation,BP,Up
3378,GO:0031175,0.016374573,0.99633411,5,141,neuron projection development,BP,Up
10950,GO:2000854,0.016552733,0.999931491,1,2,positive regulation of corticosterone secretion,BP,Up
3604,GO:0032355,0.01658313,0.999037023,2,19,response to estradiol,BP,Up
6620,GO:0051873,0.016845462,0.999929036,1,2,killing by host of symbiont cells,BP,Up
841,GO:0003357,0.017013378,0.999927608,1,2,noradrenergic neuron differentiation,BP,Up
7023,GO:0060532,0.017072258,0.999927104,1,2,bronchus cartilage development,BP,Up
7268,GO:0061145,0.017072258,0.999927104,1,2,lung smooth muscle development,BP,Up
10189,GO:1904864,0.017245269,0.999925613,1,2,negative regulation of beta-catenin-TCF complex assembly,BP,Up
7265,GO:0061138,0.017251921,0.999925555,1,2,morphogenesis of a branching epithelium,BP,Up
6041,GO:0048627,0.017326771,0.999924905,1,2,myoblast development,BP,Up
5697,GO:0046337,0.017384565,0.999924401,1,2,phosphatidylethanolamine metabolic process,BP,Up
9214,GO:1901203,0.017390125,0.999924352,1,2,positive regulation of extracellular matrix assembly,BP,Up
482,GO:0002291,0.017411267,0.999924167,1,2,T cell activation via T cell receptor contact with antigen bound to MHC molecule on antigen presenting cell,BP,Up
6467,GO:0051365,0.017477069,0.99992359,1,2,cellular response to potassium ion starvation,BP,Up
9218,GO:1901215,0.017507607,0.997817844,3,54,negative regulation of neuron death,BP,Up
861,GO:0003415,0.01777358,0.999920964,1,2,chondrocyte hypertrophy,BP,Up
6730,GO:0060008,0.01791732,0.999919674,1,2,Sertoli cell differentiation,BP,Up
8063,GO:0072034,0.017958403,0.999919304,1,2,renal vesicle induction,BP,Up
8652,GO:0097528,0.01801605,0.999918783,1,2,execution phase of necroptosis,BP,Up
7608,GO:0070459,0.018067626,0.999918315,1,2,prolactin secretion,BP,Up
8679,GO:0097746,0.018128374,0.998887609,2,21,blood vessel diameter maintenance,BP,Up
8737,GO:0098814,0.018171229,0.999917371,1,2,spontaneous synaptic transmission,BP,Up
1566,GO:0007186,0.018188154,0.994483189,7,273,G protein-coupled receptor signaling pathway,BP,Up
7584,GO:0070371,0.018188364,0.998881977,2,21,ERK1 and ERK2 cascade,BP,Up
438,GO:0002158,0.018230201,0.999916831,1,2,osteoclast proliferation,BP,Up
7032,GO:0060545,0.018498799,0.999914351,1,2,positive regulation of necroptotic process,BP,Up
1314,GO:0006704,0.018528985,0.999914069,1,2,glucocorticoid biosynthetic process,BP,Up
4240,GO:0035089,0.018541466,0.999913953,1,2,establishment of apical/basal cell polarity,BP,Up
6833,GO:0060193,0.018641545,0.999913017,1,2,positive regulation of lipase activity,BP,Up
4857,GO:0042488,0.018667409,0.999912775,1,2,positive regulation of odontogenesis of dentin-containing tooth,BP,Up
745,GO:0003156,0.018741934,0.999912073,1,2,regulation of animal organ formation,BP,Up
4443,GO:0035802,0.018741934,0.999912073,1,2,adrenal cortex formation,BP,Up
7951,GO:0071621,0.018915855,0.999910426,1,2,granulocyte chemotaxis,BP,Up
1430,GO:0006931,0.019110884,0.99990856,1,2,"substrate-dependent cell migration, cell attachment to substrate",BP,Up
1642,GO:0007356,0.019146335,0.999908219,1,2,thorax and anterior abdomen determination,BP,Up
5743,GO:0046533,0.019173174,0.99990796,1,2,negative regulation of photoreceptor cell differentiation,BP,Up
4330,GO:0035483,0.019338474,0.999906358,1,2,gastric emptying,BP,Up
1919,GO:0009583,0.019376988,0.999905983,1,2,detection of light stimulus,BP,Up
8380,GO:0090184,0.019418206,0.999905581,1,2,positive regulation of kidney development,BP,Up
1791,GO:0008542,0.019459241,0.997476523,3,54,visual learning,BP,Up
5920,GO:0048168,0.019490954,0.998757243,2,21,regulation of neuronal synaptic plasticity,BP,Up
615,GO:0002683,0.019513087,0.999904651,1,2,negative regulation of immune system process,BP,Up
4678,GO:0038188,0.019515547,0.999904627,1,2,cholecystokinin signaling pathway,BP,Up
8139,GO:0072289,0.019532867,0.999904457,1,2,metanephric nephron tubule formation,BP,Up
2751,GO:0019100,0.019580934,0.999903984,1,2,male germ-line sex determination,BP,Up
6842,GO:0060221,0.019601919,0.999903777,1,2,retinal rod cell differentiation,BP,Up
8341,GO:0090108,0.019608516,0.999903712,1,2,positive regulation of high-density lipoprotein particle assembly,BP,Up
1545,GO:0007160,0.019640621,0.997440873,3,56,cell-matrix adhesion,BP,Up
7328,GO:0061386,0.019732123,0.999902488,1,2,closure of optic fissure,BP,Up
10357,GO:1905552,0.019734757,0.999902462,1,2,positive regulation of protein localization to endoplasmic reticulum,BP,Up
6743,GO:0060023,0.019775523,0.999902056,1,2,soft palate development,BP,Up
8105,GO:0072170,0.019828412,0.999901529,1,2,metanephric tubule development,BP,Up
9414,GO:1902219,0.019830573,0.999901507,1,2,negative regulation of intrinsic apoptotic signaling pathway in response to osmotic stress,BP,Up
10351,GO:1905523,0.019892988,0.999900883,1,2,positive regulation of macrophage migration,BP,Up
511,GO:0002361,0.019919693,0.999900616,1,2,"CD4-positive, CD25-positive, alpha-beta regulatory T cell differentiation",BP,Up
4038,GO:0034103,0.02030269,0.999896737,1,2,regulation of tissue remodeling,BP,Up
6356,GO:0051092,0.020318869,0.996152952,4,104,positive regulation of NF-kappaB transcription factor activity,BP,Up
958,GO:0006148,0.020471963,0.999894999,1,2,inosine catabolic process,BP,Up
6654,GO:0051960,0.020572304,0.999893961,1,2,regulation of nervous system development,BP,Up
7900,GO:0071474,0.020640511,0.999893253,1,2,cellular hyperosmotic response,BP,Up
3847,GO:0032946,0.020735512,0.999892263,1,2,positive regulation of mononuclear cell proliferation,BP,Up
5506,GO:0045765,0.020791366,0.998623397,2,22,regulation of angiogenesis,BP,Up
4109,GO:0034349,0.020912305,0.999890408,1,2,glial cell apoptotic process,BP,Up
3558,GO:0032227,0.021155671,0.999887829,1,2,"negative regulation of synaptic transmission, dopaminergic",BP,Up
652,GO:0002790,0.021223076,0.999887109,1,2,peptide secretion,BP,Up
6238,GO:0050849,0.021347113,0.999885778,1,2,negative regulation of calcium-mediated signaling,BP,Up
1993,GO:0010044,0.021359681,0.999885643,1,2,response to aluminum ion,BP,Up
7822,GO:0071310,0.021477556,0.998548698,2,23,cellular response to organic substance,BP,Up
2936,GO:0021626,0.021557377,0.999883504,1,2,central nervous system maturation,BP,Up
8045,GO:0071926,0.02159961,0.999883045,1,2,endocannabinoid signaling pathway,BP,Up
449,GO:0002209,0.021766881,0.999881216,1,2,behavioral defense response,BP,Up
5121,GO:0043525,0.021769011,0.997044717,3,60,positive regulation of neuron apoptotic process,BP,Up
3848,GO:0032956,0.021801081,0.997043621,3,57,regulation of actin cytoskeleton organization,BP,Up
2143,GO:0010710,0.021864195,0.999880146,1,2,regulation of collagen catabolic process,BP,Up
9114,GO:1900212,0.021897871,0.999879774,1,2,negative regulation of mesenchymal cell apoptotic process involved in metanephros development,BP,Up
6077,GO:0048694,0.021994375,0.999878706,1,2,positive regulation of collateral sprouting of injured axon,BP,Up
6963,GO:0060421,0.022011927,0.999878512,1,2,positive regulation of heart growth,BP,Up
10660,GO:2000172,0.022293759,0.999875363,1,2,regulation of branching morphogenesis of a nerve,BP,Up
6664,GO:0051972,0.022521839,0.999872785,1,2,regulation of telomerase activity,BP,Up
6316,GO:0050999,0.022680558,0.999870975,1,2,regulation of nitric-oxide synthase activity,BP,Up
7042,GO:0060571,0.023098673,0.999866145,1,2,morphogenesis of an epithelial fold,BP,Up
1167,GO:0006508,0.02326662,0.9925825,7,280,proteolysis,BP,Up
1918,GO:0009566,0.023523947,0.998326804,2,24,fertilization,BP,Up
4483,GO:0035924,0.023977658,0.998277081,2,24,cellular response to vascular endothelial growth factor stimulus,BP,Up
2608,GO:0016485,0.024292616,0.996560415,3,61,protein processing,BP,Up
6698,GO:0055059,0.024608606,0.999847955,1,2,asymmetric neuroblast division,BP,Up
3135,GO:0030073,0.02471745,0.998194903,2,24,insulin secretion,BP,Up
2272,GO:0010922,0.024888124,0.999792905,1,3,positive regulation of phosphatase activity,BP,Up
3163,GO:0030198,0.024938106,0.994975701,4,105,extracellular matrix organization,BP,Up
6498,GO:0051464,0.025115023,0.99978909,1,3,positive regulation of cortisol secretion,BP,Up
6644,GO:0051928,0.025283328,0.998136429,2,23,positive regulation of calcium ion transport,BP,Up
591,GO:0002605,0.025294454,0.999786048,1,3,negative regulation of dendritic cell antigen processing and presentation,BP,Up
2871,GO:0019933,0.02558877,0.998101775,2,23,cAMP-mediated signaling,BP,Up
3294,GO:0030858,0.026070642,0.999772635,1,3,positive regulation of epithelial cell differentiation,BP,Up
8697,GO:0098609,0.026097638,0.994669818,4,104,cell-cell adhesion,BP,Up
7485,GO:0070093,0.026150574,0.99977123,1,3,negative regulation of glucagon secretion,BP,Up
7015,GO:0060512,0.026158457,0.999771092,1,3,prostate gland morphogenesis,BP,Up
7699,GO:0070859,0.026184934,0.999770625,1,3,positive regulation of bile acid biosynthetic process,BP,Up
31,GO:0000132,0.026245979,0.99801569,2,25,establishment of mitotic spindle orientation,BP,Up
4191,GO:0034653,0.026270745,0.99976911,1,3,retinoic acid catabolic process,BP,Up
7581,GO:0070365,0.026328296,0.999768092,1,3,hepatocyte differentiation,BP,Up
1029,GO:0006285,0.026424759,0.999766379,1,3,"base-excision repair, AP site formation",BP,Up
6459,GO:0051347,0.026628626,0.999762738,1,3,positive regulation of transferase activity,BP,Up
3150,GO:0030157,0.026880338,0.999758204,1,3,pancreatic juice secretion,BP,Up
4665,GO:0038145,0.027023285,0.999755609,1,3,macrophage colony-stimulating factor signaling pathway,BP,Up
2208,GO:0010818,0.027312415,0.999750318,1,3,T cell chemotaxis,BP,Up
7109,GO:0060729,0.027320688,0.999750166,1,3,intestinal epithelial structure maintenance,BP,Up
3127,GO:0030046,0.027396678,0.999748766,1,3,parallel actin filament bundle assembly,BP,Up
1683,GO:0007530,0.027483065,0.999747169,1,3,sex determination,BP,Up
9168,GO:1900740,0.027591055,0.999745165,1,3,positive regulation of protein insertion into mitochondrial membrane involved in apoptotic signaling pathway,BP,Up
4015,GO:0033685,0.027655437,0.999743967,1,3,negative regulation of luteinizing hormone secretion,BP,Up
5817,GO:0046813,0.027884859,0.999739674,1,3,receptor-mediated virion attachment to host cell,BP,Up
8426,GO:0090274,0.02801237,0.999737273,1,3,positive regulation of somatostatin secretion,BP,Up
984,GO:0006204,0.028121001,0.999735218,1,3,IMP catabolic process,BP,Up
8115,GO:0072193,0.028204984,0.999733624,1,3,ureter smooth muscle cell differentiation,BP,Up
3793,GO:0032808,0.028257438,0.999732626,1,3,lacrimal gland development,BP,Up
7591,GO:0070384,0.028276718,0.999732258,1,3,Harderian gland development,BP,Up
8117,GO:0072197,0.028336528,0.999731117,1,3,ureter morphogenesis,BP,Up
6463,GO:0051351,0.028352083,0.99973082,1,3,positive regulation of ligase activity,BP,Up
780,GO:0003211,0.028398929,0.999729924,1,3,cardiac ventricle formation,BP,Up
3794,GO:0032811,0.028426847,0.999729389,1,3,negative regulation of epinephrine secretion,BP,Up
2384,GO:0014839,0.028708096,0.999723973,1,3,myoblast migration involved in skeletal muscle regeneration,BP,Up
10641,GO:2000138,0.028875299,0.999720726,1,3,positive regulation of cell proliferation involved in heart morphogenesis,BP,Up
867,GO:0003430,0.029005037,0.999718195,1,3,growth plate cartilage chondrocyte growth,BP,Up
7296,GO:0061303,0.029090341,0.999716523,1,3,cornea development in camera-type eye,BP,Up
8226,GO:0072734,0.029112656,0.999716085,1,3,cellular response to staurosporine,BP,Up
3908,GO:0033140,0.029127282,0.999715798,1,3,negative regulation of peptidyl-serine phosphorylation of STAT protein,BP,Up
8920,GO:0110091,0.029160034,0.999715154,1,3,negative regulation of hippocampal neuron apoptotic process,BP,Up
3298,GO:0030866,0.029505426,0.997619181,2,26,cortical actin cytoskeleton organization,BP,Up
9090,GO:1900138,0.029529929,0.999707833,1,3,negative regulation of phospholipase A2 activity,BP,Up
7331,GO:0061418,0.029581884,0.999706797,1,3,regulation of transcription from RNA polymerase II promoter in response to hypoxia,BP,Up
7501,GO:0070141,0.029617648,0.999706082,1,3,response to UV-A,BP,Up
4903,GO:0042713,0.029633835,0.999705759,1,3,sperm ejaculation,BP,Up
2351,GO:0014064,0.029831372,0.999701796,1,3,positive regulation of serotonin secretion,BP,Up
2485,GO:0015844,0.029907574,0.99970026,1,3,monoamine transport,BP,Up
7852,GO:0071371,0.030308864,0.999692106,1,3,cellular response to gonadotropin stimulus,BP,Up
5493,GO:0045740,0.030368155,0.997500803,2,28,positive regulation of DNA replication,BP,Up
3148,GO:0030154,0.030397874,0.986889803,11,568,cell differentiation,BP,Up
7643,GO:0070571,0.030429774,0.999689627,1,3,negative regulation of neuron projection regeneration,BP,Up
8619,GO:0097350,0.030457744,0.999689053,1,3,neutrophil clearance,BP,Up
10386,GO:1905653,0.030533525,0.999687493,1,3,positive regulation of artery morphogenesis,BP,Up
8072,GO:0072075,0.030581794,0.999686497,1,3,metanephric mesenchyme development,BP,Up
4382,GO:0035622,0.030642728,0.999685237,1,3,intrahepatic bile duct development,BP,Up
1757,GO:0008211,0.030825878,0.999681437,1,3,glucocorticoid metabolic process,BP,Up
3072,GO:0022009,0.030996667,0.999677872,1,3,central nervous system vasculogenesis,BP,Up
4926,GO:0042771,0.031099192,0.997402815,2,29,intrinsic apoptotic signaling pathway in response to DNA damage by p53 class mediator,BP,Up
697,GO:0003006,0.031100378,0.999675697,1,3,developmental process involved in reproduction,BP,Up
8769,GO:0098921,0.031117747,0.999675332,1,3,retrograde trans-synaptic signaling by endocannabinoid,BP,Up
7830,GO:0071320,0.031134951,0.997414028,2,26,cellular response to cAMP,BP,Up
278,GO:0001823,0.031277338,0.99967197,1,3,mesonephros development,BP,Up
6105,GO:0048752,0.031483562,0.999667598,1,3,semicircular canal morphogenesis,BP,Up
3121,GO:0030035,0.031672746,0.999663562,1,3,microspike assembly,BP,Up
1789,GO:0008406,0.03168506,0.999663299,1,3,gonad development,BP,Up
7398,GO:0061713,0.031950586,0.99965759,1,3,anterior neural tube closure,BP,Up
3206,GO:0030307,0.032123712,0.994918438,3,70,positive regulation of cell growth,BP,Up
205,GO:0001657,0.032256708,0.997263321,2,27,ureteric bud development,BP,Up
2112,GO:0010634,0.032325878,0.997254284,2,27,positive regulation of epithelial cell migration,BP,Up
7190,GO:0060976,0.03233086,0.99725963,2,26,coronary vasculature development,BP,Up
6660,GO:0051968,0.03237563,0.997253787,2,26,"positive regulation of synaptic transmission, glutamatergic",BP,Up
4318,GO:0035441,0.032397356,0.999647875,1,3,cell migration involved in vasculogenesis,BP,Up
2334,GO:0014043,0.032470372,0.999646274,1,3,negative regulation of neuron maturation,BP,Up
9925,GO:1903984,0.03249919,0.999645641,1,3,positive regulation of TRAIL-activated apoptotic signaling pathway,BP,Up
2260,GO:0010897,0.032514379,0.999645308,1,3,negative regulation of triglyceride catabolic process,BP,Up
9534,GO:1902722,0.032687829,0.999641485,1,3,positive regulation of prolactin secretion,BP,Up
4294,GO:0035332,0.032861892,0.999637627,1,3,positive regulation of hippo signaling,BP,Up
2611,GO:0016525,0.03296633,0.994734764,3,69,negative regulation of angiogenesis,BP,Up
159,GO:0001501,0.033323517,0.994651522,3,71,skeletal system development,BP,Up
6173,GO:0050672,0.034211816,0.999558306,1,4,negative regulation of lymphocyte proliferation,BP,Up
10376,GO:1905606,0.03439392,0.996979214,2,27,regulation of presynapse assembly,BP,Up
9257,GO:1901388,0.034494202,0.999600434,1,3,regulation of transforming growth factor beta activation,BP,Up
2169,GO:0010750,0.034610827,0.999597706,1,3,positive regulation of nitric oxide mediated signal transduction,BP,Up
3534,GO:0032099,0.034642233,0.999547038,1,4,negative regulation of appetite,BP,Up
5722,GO:0046471,0.034747873,0.999544251,1,4,phosphatidylglycerol metabolic process,BP,Up
5575,GO:0045920,0.03481595,0.999592885,1,3,negative regulation of exocytosis,BP,Up
2851,GO:0019835,0.035298698,0.999529576,1,4,cytolysis,BP,Up
206,GO:0001658,0.035527781,0.996812059,2,29,branching involved in ureteric bud morphogenesis,BP,Up
9066,GO:1900087,0.03565484,0.996788892,2,30,positive regulation of G1/S transition of mitotic cell cycle,BP,Up
521,GO:0002381,0.036148837,0.999506462,1,4,immunoglobulin production involved in immunoglobulin-mediated immune response,BP,Up
1073,GO:0006363,0.036164934,0.999506019,1,4,termination of RNA polymerase I transcription,BP,Up
4122,GO:0034380,0.036170817,0.999505857,1,4,high-density lipoprotein particle assembly,BP,Up
1580,GO:0007200,0.036176378,0.996721923,2,29,phospholipase C-activating G protein-coupled receptor signaling pathway,BP,Up
9575,GO:1902895,0.036395126,0.996685563,2,30,positive regulation of pri-miRNA transcription by RNA polymerase II,BP,Up
4991,GO:0043066,0.036725204,0.986067888,8,382,negative regulation of apoptotic process,BP,Up
5545,GO:0045851,0.036903374,0.999485477,1,4,pH reduction,BP,Up
4768,GO:0042158,0.036959376,0.999483901,1,4,lipoprotein biosynthetic process,BP,Up
7024,GO:0060534,0.037060454,0.999481052,1,4,trachea cartilage development,BP,Up
7946,GO:0071599,0.03720608,0.999476933,1,4,otic vesicle development,BP,Up
5440,GO:0045629,0.0373067,0.999474077,1,4,negative regulation of T-helper 2 cell differentiation,BP,Up
3717,GO:0032649,0.037399953,0.999471423,1,4,regulation of interferon-gamma production,BP,Up
2300,GO:0010977,0.037531042,0.993689629,3,72,negative regulation of neuron projection development,BP,Up
6007,GO:0048525,0.038078405,0.999451911,1,4,negative regulation of viral process,BP,Up
5439,GO:0045627,0.03823848,0.999447255,1,4,positive regulation of T-helper 1 cell differentiation,BP,Up
7035,GO:0060548,0.038238829,0.993519268,3,74,negative regulation of cell death,BP,Up
478,GO:0002282,0.038251544,0.999446875,1,4,microglial cell activation involved in immune response,BP,Up
62,GO:0000320,0.038295734,0.999445585,1,4,re-entry into mitotic cell cycle,BP,Up
331,GO:0001934,0.03830081,0.989278044,5,182,positive regulation of protein phosphorylation,BP,Up
8850,GO:0099558,0.038393935,0.999442715,1,4,maintenance of synapse structure,BP,Up
1792,GO:0008543,0.038775525,0.996345373,2,30,fibroblast growth factor receptor signaling pathway,BP,Up
960,GO:0006154,0.038883941,0.999428278,1,4,adenosine catabolic process,BP,Up
8735,GO:0098810,0.039001609,0.999424783,1,4,neurotransmitter reuptake,BP,Up
7920,GO:0071504,0.039124657,0.999421117,1,4,cellular response to heparin,BP,Up
6845,GO:0060231,0.03933459,0.999414835,1,4,mesenchymal to epithelial transition,BP,Up
10385,GO:1905643,0.039464932,0.999410918,1,4,positive regulation of DNA methylation,BP,Up
276,GO:0001821,0.039606813,0.999406638,1,4,histamine secretion,BP,Up
6645,GO:0051930,0.039634249,0.996213607,2,31,regulation of sensory perception of pain,BP,Up
7175,GO:0060923,0.039933836,0.999396714,1,4,cardiac muscle cell fate commitment,BP,Up
7999,GO:0071787,0.039963893,0.999395797,1,4,endoplasmic reticulum tubular network formation,BP,Up
6505,GO:0051491,0.040035741,0.996167081,2,29,positive regulation of filopodium assembly,BP,Up
7096,GO:0060706,0.040037826,0.99939354,1,4,cell differentiation involved in embryonic placenta development,BP,Up
3406,GO:0031345,0.04005278,0.999393083,1,4,negative regulation of cell projection organization,BP,Up
9782,GO:1903553,0.040078993,0.999392282,1,4,positive regulation of extracellular exosome assembly,BP,Up
3686,GO:0032534,0.040106328,0.999391445,1,4,regulation of microvillus assembly,BP,Up
689,GO:0002931,0.040117012,0.996136351,2,32,response to ischemia,BP,Up
6989,GO:0060455,0.040121017,0.999390996,1,4,negative regulation of gastric acid secretion,BP,Up
860,GO:0003413,0.040245259,0.999387185,1,4,chondrocyte differentiation involved in endochondral bone morphogenesis,BP,Up
6096,GO:0048732,0.040421868,0.999381748,1,4,gland development,BP,Up
4071,GO:0034165,0.04049963,0.999379346,1,4,positive regulation of toll-like receptor 9 signaling pathway,BP,Up
10983,GO:2001054,0.040586046,0.999376671,1,4,negative regulation of mesenchymal cell apoptotic process,BP,Up
8543,GO:0097065,0.040589689,0.999376558,1,4,anterior head development,BP,Up
5464,GO:0045666,0.040683428,0.992938401,3,73,positive regulation of neuron differentiation,BP,Up
6094,GO:0048729,0.041171977,0.999358381,1,4,tissue morphogenesis,BP,Up
10566,GO:1990809,0.04118018,0.999358123,1,4,endoplasmic reticulum tubular network membrane organization,BP,Up
5516,GO:0045787,0.041237689,0.995962736,2,33,positive regulation of cell cycle,BP,Up
4075,GO:0034199,0.041257136,0.9993557,1,4,activation of protein kinase A activity,BP,Up
8992,GO:0150003,0.041269086,0.999355323,1,4,regulation of spontaneous synaptic transmission,BP,Up
7029,GO:0060539,0.041712314,0.999341275,1,4,diaphragm development,BP,Up
171,GO:0001525,0.041893373,0.987984817,5,185,angiogenesis,BP,Up
6815,GO:0060155,0.041925195,0.999334473,1,4,platelet dense granule organization,BP,Up
8113,GO:0072189,0.041996023,0.999332202,1,4,ureter development,BP,Up
3880,GO:0033031,0.04205718,0.999330238,1,4,positive regulation of neutrophil apoptotic process,BP,Up
6914,GO:0060350,0.042187657,0.999326037,1,4,endochondral bone morphogenesis,BP,Up
6633,GO:0051898,0.042232692,0.995811278,2,33,negative regulation of protein kinase B signaling,BP,Up
7034,GO:0060547,0.042453986,0.999272447,1,5,negative regulation of necrotic cell death,BP,Up
9490,GO:1902512,0.042711101,0.999263529,1,5,positive regulation of apoptotic DNA fragmentation,BP,Up
5504,GO:0045761,0.042837557,0.999304917,1,4,regulation of adenylate cyclase activity,BP,Up
1632,GO:0007296,0.042944024,0.999301425,1,4,vitellogenesis,BP,Up
5352,GO:0045165,0.042962219,0.995698947,2,33,cell fate commitment,BP,Up
4728,GO:0042045,0.043112086,0.999295896,1,4,epithelial fluid transport,BP,Up
1650,GO:0007399,0.043389087,0.984231639,7,309,nervous system development,BP,Up
3568,GO:0032252,0.043560444,0.999281035,1,4,secretory granule localization,BP,Up
6656,GO:0051964,0.043744545,0.999274887,1,4,negative regulation of synapse assembly,BP,Up
4313,GO:0035425,0.043907777,0.999221294,1,5,autocrine signaling,BP,Up
8826,GO:0099179,0.044100661,0.999262919,1,4,regulation of synaptic membrane adhesion,BP,Up
1553,GO:0007169,0.044106636,0.992097612,3,73,transmembrane receptor protein tyrosine kinase signaling pathway,BP,Up
7231,GO:0061041,0.044146109,0.99921274,1,5,regulation of wound healing,BP,Up
9886,GO:1903860,0.044170947,0.999260545,1,4,negative regulation of dendrite extension,BP,Up
4480,GO:0035914,0.044217176,0.995491639,2,35,skeletal muscle cell differentiation,BP,Up
10901,GO:2000741,0.044267237,0.999257287,1,4,positive regulation of mesenchymal stem cell differentiation,BP,Up
2982,GO:0021782,0.044499043,0.999199984,1,5,glial cell development,BP,Up
4367,GO:0035583,0.044959166,0.999233657,1,4,sequestering of TGFbeta in extracellular matrix,BP,Up
3411,GO:0031394,0.04511598,0.999177436,1,5,positive regulation of prostaglandin biosynthetic process,BP,Up
5120,GO:0043524,0.045187153,0.989004409,4,133,negative regulation of neuron apoptotic process,BP,Up
8363,GO:0090156,0.045262594,0.99917203,1,5,cellular sphingolipid homeostasis,BP,Up
1313,GO:0006703,0.045398945,0.999166987,1,5,estrogen biosynthetic process,BP,Up
3452,GO:0031623,0.045606709,0.995282761,2,33,receptor internalization,BP,Up
656,GO:0002819,0.04596574,0.999145856,1,5,regulation of adaptive immune response,BP,Up
5846,GO:0046883,0.046070037,0.999141938,1,5,regulation of hormone secretion,BP,Up
1945,GO:0009749,0.046231393,0.995164411,2,36,response to glucose,BP,Up
5466,GO:0045668,0.04627226,0.995163456,2,35,negative regulation of osteoblast differentiation,BP,Up
2216,GO:0010826,0.046741424,0.999116499,1,5,negative regulation of centrosome duplication,BP,Up
330,GO:0001933,0.046787736,0.991404022,3,79,negative regulation of protein phosphorylation,BP,Up
888,GO:0006012,0.046977534,0.999107463,1,5,galactose metabolic process,BP,Up
337,GO:0001942,0.047302843,0.995001927,2,34,hair follicle development,BP,Up
2164,GO:0010744,0.047827506,0.999074545,1,5,positive regulation of macrophage derived foam cell differentiation,BP,Up
10687,GO:2000252,0.047870065,0.999072881,1,5,negative regulation of feeding behavior,BP,Up
9834,GO:1903721,0.047958943,0.9990694,1,5,positive regulation of I-kappaB phosphorylation,BP,Up
1556,GO:0007173,0.048040514,0.994887472,2,33,epidermal growth factor receptor signaling pathway,BP,Up
4014,GO:0033683,0.048103822,0.999063713,1,5,"nucleotide-excision repair, DNA incision",BP,Up
2138,GO:0010700,0.048204652,0.999059744,1,5,negative regulation of norepinephrine secretion,BP,Up
6742,GO:0060022,0.048269818,0.999057174,1,5,hard palate development,BP,Up
187,GO:0001561,0.048427974,0.999050923,1,5,fatty acid alpha-oxidation,BP,Up
2261,GO:0010898,0.049096058,0.999024285,1,5,positive regulation of triglyceride catabolic process,BP,Up
3481,GO:0031914,0.049217867,0.999019387,1,5,negative regulation of synaptic plasticity,BP,Up
5634,GO:0046055,0.049948468,0.99898975,1,5,dGMP catabolic process,BP,Up
2020,GO:0010260,0.000512223,1,1,1,animal organ senescence,BP,Down
9053,GO:1900047,0.000512223,1,1,1,negative regulation of hemostasis,BP,Down
9386,GO:1902081,0.000512242,1,1,1,negative regulation of calcium ion import into sarcoplasmic reticulum,BP,Down
10063,GO:1904439,0.00051236,1,1,1,negative regulation of iron ion import across plasma membrane,BP,Down
8270,GO:0086023,0.000937743,0.999999817,1,2,adenylate cyclase-activating adrenergic receptor signaling pathway involved in heart process,BP,Down
263,GO:0001787,0.000954843,0.99999981,1,2,natural killer cell proliferation,BP,Down
8291,GO:0086092,0.000973357,0.999999803,1,2,regulation of the force of heart contraction by cardiac conduction,BP,Down
877,GO:0005986,0.000997453,0.999999793,1,2,sucrose biosynthetic process,BP,Down
9193,GO:1901077,0.001009508,0.999999788,1,2,regulation of relaxation of muscle,BP,Down
9996,GO:1904234,0.001016614,0.999999785,1,2,positive regulation of aconitate hydratase activity,BP,Down
9595,GO:1902958,0.001529734,0.99999935,1,3,"positive regulation of mitochondrial electron transport, NADH to ubiquinone",BP,Down
9341,GO:1901877,0.001536651,0.999999344,1,3,negative regulation of calcium ion binding,BP,Down
9345,GO:1901895,0.001536651,0.999999344,1,3,negative regulation of ATPase-coupled calcium transmembrane transporter activity,BP,Down
8745,GO:0098868,0.001847121,0.999998933,1,4,bone growth,BP,Down
2380,GO:0014829,0.001885905,0.999998888,1,4,vascular associated smooth muscle contraction,BP,Down
4496,GO:0035989,0.001908574,0.999998861,1,4,tendon development,BP,Down
7815,GO:0071286,0.002356141,0.999998148,1,5,cellular response to magnesium ion,BP,Down
862,GO:0003416,0.002777814,0.999997318,1,6,endochondral bone growth,BP,Down
6261,GO:0050881,0.002888594,0.999997099,1,6,musculoskeletal movement,BP,Down
8181,GO:0072540,0.002894356,0.999997088,1,6,T-helper 17 cell lineage commitment,BP,Down
5403,GO:0045576,0.002923292,0.999997029,1,6,mast cell activation,BP,Down
3983,GO:0033574,0.002994256,0.999996883,1,6,response to testosterone,BP,Down
9540,GO:1902732,0.00300133,0.999996868,1,6,positive regulation of chondrocyte proliferation,BP,Down
881,GO:0006000,0.003460479,0.999995717,1,7,fructose metabolic process,BP,Down
8548,GO:0097084,0.003541176,0.999995515,1,7,vascular associated smooth muscle cell development,BP,Down
2249,GO:0010881,0.003567087,0.999995354,1,8,regulation of cardiac muscle contraction by regulation of the release of sequestered calcium ion,BP,Down
8430,GO:0090279,0.003708188,0.999994979,1,8,regulation of calcium ion import,BP,Down
4495,GO:0035988,0.003859451,0.999994561,1,8,chondrocyte proliferation,BP,Down
2248,GO:0010880,0.004128448,0.999993677,1,9,regulation of release of sequestered calcium ion into cytosol by sarcoplasmic reticulum,BP,Down
6887,GO:0060314,0.004213606,0.999993413,1,9,regulation of ryanodine-sensitive calcium-release channel activity,BP,Down
863,GO:0003417,0.004292468,0.999993164,1,9,growth plate cartilage development,BP,Down
3225,GO:0030388,0.004520163,0.999992418,1,9,"fructose 1,6-bisphosphate metabolic process",BP,Down
5529,GO:0045822,0.004969002,0.999990628,1,11,negative regulation of heart contraction,BP,Down
882,GO:0006002,0.005336645,0.999989189,1,11,fructose 6-phosphate metabolic process,BP,Down
3759,GO:0032740,0.005408055,0.999988897,1,11,positive regulation of interleukin-17 production,BP,Down
2019,GO:0010259,0.005790035,0.999987165,1,12,multicellular organism aging,BP,Down
8259,GO:0086004,0.005948042,0.99998636,1,13,regulation of cardiac muscle cell contraction,BP,Down
5596,GO:0045954,0.006241131,0.99998498,1,13,positive regulation of natural killer cell mediated cytotoxicity,BP,Down
5527,GO:0045820,0.006301045,0.99998469,1,13,negative regulation of glycolytic process,BP,Down
6098,GO:0048738,0.006610585,0.999983047,1,14,cardiac muscle tissue development,BP,Down
386,GO:0002026,0.006702095,0.999982574,1,14,regulation of the force of heart contraction,BP,Down
407,GO:0002063,0.0070598,0.999980562,1,15,chondrocyte development,BP,Down
943,GO:0006111,0.007200545,0.999979778,1,15,regulation of gluconeogenesis,BP,Down
1992,GO:0010043,0.007246874,0.999979517,1,15,response to zinc ion,BP,Down
258,GO:0001779,0.007602741,0.999977352,1,16,natural killer cell differentiation,BP,Down
3239,GO:0030500,0.007665158,0.999976978,1,16,regulation of bone mineralization,BP,Down
6913,GO:0060349,0.008127299,0.999974012,1,17,bone morphogenesis,BP,Down
928,GO:0006094,0.008308855,0.999972836,1,17,gluconeogenesis,BP,Down
1729,GO:0008016,0.008594549,0.999970832,1,18,regulation of heart contraction,BP,Down
6104,GO:0048747,0.008709057,0.999969955,1,19,muscle fiber development,BP,Down
6132,GO:0048844,0.008973188,0.999968102,1,19,artery morphogenesis,BP,Down
7629,GO:0070527,0.010014136,0.999960045,1,21,platelet aggregation,BP,Down
5754,GO:0046580,0.010408543,0.999956731,1,22,negative regulation of Ras protein signal transduction,BP,Down
2570,GO:0016226,0.01043652,0.999956596,1,21,iron-sulfur cluster assembly,BP,Down
3202,GO:0030282,0.011394782,0.999947917,1,24,bone mineralization,BP,Down
271,GO:0001816,0.011540641,0.999946572,1,24,cytokine production,BP,Down
6275,GO:0050905,0.013416232,0.999927293,1,28,neuromuscular process,BP,Down
6826,GO:0060173,0.014083855,0.999919658,1,30,limb development,BP,Down
3164,GO:0030199,0.016144318,0.999893916,1,34,collagen fibril organization,BP,Down
1395,GO:0006879,0.016998346,0.999882253,1,35,cellular iron ion homeostasis,BP,Down
4403,GO:0035690,0.017962988,0.999868155,1,38,cellular response to drug,BP,Down
1889,GO:0009306,0.018233643,0.999864137,1,38,protein secretion,BP,Down
5147,GO:0043588,0.018556575,0.999859167,1,39,skin development,BP,Down
3751,GO:0032729,0.019741132,0.999840334,1,41,positive regulation of interferon-gamma production,BP,Down
1697,GO:0007596,0.019757374,0.99984007,1,41,blood coagulation,BP,Down
6404,GO:0051216,0.022861946,0.999784723,1,49,cartilage development,BP,Down
3243,GO:0030509,0.023254358,0.999777234,1,49,BMP signaling pathway,BP,Down
1460,GO:0006986,0.02328327,0.999776774,1,48,response to unfolded protein,BP,Down
6241,GO:0050852,0.026031712,0.999719903,1,55,T cell receptor signaling pathway,BP,Down
2608,GO:0016485,0.028901149,0.999653728,1,61,protein processing,BP,Down
161,GO:0001503,0.029523763,0.999638461,1,62,ossification,BP,Down
1391,GO:0006874,0.03241523,0.999562861,1,70,cellular calcium ion homeostasis,BP,Down
1553,GO:0007169,0.033445504,0.999534164,1,73,transmembrane receptor protein tyrosine kinase signaling pathway,BP,Down
159,GO:0001501,0.033916727,0.999521039,1,71,skeletal system development,BP,Down
463,GO:0002250,0.036612951,0.99944064,1,77,adaptive immune response,BP,Down
2588,GO:0016311,0.038597324,0.999377281,1,83,dephosphorylation,BP,Down
1592,GO:0007219,0.03932113,0.999353518,1,83,Notch signaling pathway,BP,Down
4271,GO:0035264,0.044403595,0.999172554,1,96,multicellular organism growth,BP,Down
3207,GO:0030308,0.046433302,0.999094337,1,97,negative regulation of cell growth,BP,Down
1364,GO:0006816,0.048911922,0.998993007,1,108,calcium ion transport,BP,Down
